"","CollagenI","CollagenIV","Hyaluronic_Acid","Laminin","TenascinC","Galectin3","Fibronectin","Osteopontin","Decorin"
"1",0,0,0,0,0,0,0,0,0
"2",0.549306144334055,0,0,0,0,0,0,0,-0.549306144334055
"3",0,0,0,0,0,0,0,0,0
"4",0,0,-0.549306144334055,0,0,0,0.549306144334055,0,0
"5",0,0,0.549306144334055,0,0,-0.549306144334055,0,0,0
"6",0,0,0,-0.549306144334055,0,0.549306144334055,0,0,0
"7",0,0,0,0,0,0,0,0,0
"8",0,0,0,0.549306144334055,0,-0.549306144334055,0,0,0
"9",0,0,0,0,0,0,0,0,0
"10",0,0,0,0,0,0,0,0,0
"11",0,0,0,0,0,0,0,0,0
"12",0,0,0,0,0,0,0,0,0
"13",-0.549306144334055,0.549306144334055,0,0,0,0,0,0,0
"14",0,0,0,0,0,0,0,0,0
"15",0,0,0,0,0,0,0,0,0
"16",0,0,0,0,0,0,0,0,0
"17",0,0,0,0,0,0,-0.549306144334055,0.549306144334055,0
"18",0,0,0,0,0,0,0,0,0
"19",0,0,0,-0.549306144334055,0,0,0.549306144334055,0,0
"20",0.549306144334055,0,0,0,0,-0.549306144334055,0,0,0
"21",0,0,0,0,0,0,0,0,0
"22",0,0,-0.549306144334055,0,0,0.549306144334055,0,0,0
"23",0,0,0,-0.549306144334055,0,0,0,0,0.549306144334055
"24",0,0,0,0,0,-0.549306144334055,0,0.549306144334055,0
"25",0,0.549306144334055,-0.549306144334055,0,0,0,0,0,0
"26",0,0,0,0,0,0.549306144334055,-0.549306144334055,0,0
"27",0,0.549306144334055,0,0,0,0,0,-0.549306144334055,0
"28",0,0,0,0,0,0,0,0,0
"29",0.549306144334055,0,0,0,0,0,0,-0.549306144334055,0
"30",0,0,0,0,0,0,0,0,0
"31",0,0,0,0,0,0,0.549306144334055,-0.549306144334055,0
"32",0,0,0,0,0,0,0,0,0
"33",0,-0.549306144334055,0,0,0,0.549306144334055,0,0,0
"34",0,0,0,0,0,0,0,0,0
"35",0,0,-0.549306144334055,0.549306144334055,0,0,0,0,0
"36",0,0,0,0,0,0,0,0,0
"37",0,0,0,0,0,0,0,0,0
"38",0,0,0,0,0,0,0,0,0
"39",0,0,0.549306144334055,0,0,0,-0.549306144334055,0,0
"40",0,-0.549306144334055,0,0,0,0.549306144334055,0,0,0
"41",0,0,-0.549306144334055,0,0,0,0,0.549306144334055,0
"42",0,0,0,0,0,-0.549306144334055,0,0,0.549306144334055
"43",-0.549306144334055,0,0,0.549306144334055,0,0,0,0,0
"44",0,0,0.549306144334055,0,0,0,0,-0.549306144334055,0
"45",0,0,0,0,0,0,0,0.549306144334055,-0.549306144334055
"46",0,0,0,0,-0.549306144334055,0.549306144334055,0,0,0
"47",0,0,0,0,0,0,0,0,0
"48",0,0,0,0,0.549306144334055,-0.549306144334055,0,0,0
"49",-0.549306144334055,0,0,0,0.549306144334055,0,0,0,0
"50",0,0.549306144334055,0,-0.549306144334055,0,0,0,0,0
"51",0,0,0,0,0,0,0,0,0
"52",0,0.549306144334055,0,0,-0.549306144334055,0,0,0,0
"53",0,0,0,0,0,0,0,0,0
"54",0,0.549306144334055,0,0,0,-0.549306144334055,0,0,0
"55",0,-0.549306144334055,0,0,0,0,0,0.549306144334055,0
"56",0,0,0,0,0,0,0,0,0
"57",0,0,0.549306144334055,0,-0.549306144334055,0,0,0,0
"58",0,0,0,0,0,0,0,0,0
"59",-0.549306144334055,0,0,0,0,0,0,0,0.549306144334055
"60",0.549306144334055,0,0,0,0,0,-0.549306144334055,0,0
"61",0,0,0,0,0,0,0,0,0
"62",0,0,0,0,0,0,0,0,0
"63",0,0,0,-0.549306144334055,0.549306144334055,0,0,0,0
"64",0,0,0,0.549306144334055,-0.549306144334055,0,0,0,0
"65",0,0,0,0,-0.549306144334055,0,0,0,0.549306144334055
"66",0,-0.549306144334055,0.549306144334055,0,0,0,0,0,0
"67",0,0,0,0,0,0,0,0,0
"68",0,0,0.549306144334055,0,0,0,0,0,-0.549306144334055
"69",0,0,0,0.549306144334055,0,0,0,-0.549306144334055,0
"70",0.549306144334055,0,0,-0.549306144334055,0,0,0,0,0
"71",0,0,0,0,0,0,0,0,0
"72",0,0,0,0,0,0,0,0,0
"73",0,0,0,0,0,0,0,0,0
"74",0,0,0,0,0.549306144334055,0,0,-0.549306144334055,0
"75",-0.549306144334055,0,0.549306144334055,0,0,0,0,0,0
"76",0,0,0,0,0,0.549306144334055,0,-0.549306144334055,0
"77",0,0,0,0,-0.549306144334055,0,0.549306144334055,0,0
"78",0,0,0,0,0,0,0,0,0
"79",0,0,0,0,0.549306144334055,0,-0.549306144334055,0,0
"80",0,0,0,0,0,0,0,0,0
"81",0,0,-0.549306144334055,0,0,0,0,0,0.549306144334055
"82",0,0,0.549306144334055,-0.549306144334055,0,0,0,0,0
"83",0,0,0,0,0,0,0,0,0
"84",0,0,0,0,0,0,0,0,0
"85",-0.549306144334055,0,0,0,0,0,0.549306144334055,0,0
"86",0,0,0,0,0.549306144334055,0,0,0,-0.549306144334055
"87",0,0,0,0,-0.549306144334055,0,0,0.549306144334055,0
"88",0,0,0,0,0,0,0,-0.549306144334055,0.549306144334055
"89",-0.549306144334055,0,0,0,0,0.549306144334055,0,0,0
"90",0,0,0,0,0,0,0,0,0
"91",0,0,0,0,0,0,0,0,0
"92",0,0,0,0,0,0,0,0,0
"93",0,0,0,-0.549306144334055,0,0,0,0.549306144334055,0
"94",0.549306144334055,-0.549306144334055,0,0,0,0,0,0,0
"95",0,-0.549306144334055,0,0,0,0,0,0,0.549306144334055
"96",0,0,0,0,0,0,-0.549306144334055,0,0.549306144334055
"97",0,0,0,0.549306144334055,0,0,-0.549306144334055,0,0
"98",0.549306144334055,0,0,0,0,0,0,-0.549306144334055,0
"99",0,0.549306144334055,0,0,0,-0.549306144334055,0,0,0
"100",0,0,0,0,0,0,0,0,0
"101",0,0,0,0,0,0,0,0,0
"102",0.549306144334055,0,0,0,-0.549306144334055,0,0,0,0
"103",0,0,0,0,0,0,0,0,0
"104",0,0,0,0,0,0.549306144334055,0,0,-0.549306144334055
"105",0,0,0,0,0,0,0,0,0
"106",0,0,0,0,0,0,0.549306144334055,0,-0.549306144334055
"107",0,0,0,0,0,0,0,0,0
"108",0,-0.549306144334055,0,0,0.549306144334055,0,0,0,0
"109",0,0.549306144334055,0,0,0,0,0,0,-0.549306144334055
"110",-0.549306144334055,0,0,0,0,0,0,0.549306144334055,0
"111",0,0,0,0.549306144334055,0,0,0,0,-0.549306144334055
"112",0,0,0,0,0,-0.549306144334055,0.549306144334055,0,0
"113",0,-0.549306144334055,0,0.549306144334055,0,0,0,0,0
"114",0,0,-0.549306144334055,0,0.549306144334055,0,0,0,0
"115",0,0,0,0,0,0,0,0,0
"116",0,0,0,0,0,0,0,0,0
"117",0,0,0,0,0,0,0,0,0
"118",0,0,0,0,0,0,0,0,0
"119",0.549306144334055,0,0,0,0,0,0,0,-0.549306144334055
"120",0,0,0,0,0,0,0,0,0
"121",0,0,-0.549306144334055,0,0,0,0.549306144334055,0,0
"122",0,0,0.549306144334055,0,0,-0.549306144334055,0,0,0
"123",0,0,0,-0.549306144334055,0,0.549306144334055,0,0,0
"124",0,0,0,0,0,0,0,0,0
"125",0,0,0,0.549306144334055,0,-0.549306144334055,0,0,0
"126",0,0,0,0,0,0,0,0,0
"127",0,0,0,0,0,0,0,0,0
"128",0,0,0,0,0,0,0,0,0
"129",0,0,0,0,0,0,0,0,0
"130",-0.549306144334055,0.549306144334055,0,0,0,0,0,0,0
"131",0,0,0,0,0,0,0,0,0
"132",0,0,0,0,0,0,0,0,0
"133",0,0,0,0,0,0,0,0,0
"134",0,0,0,0,0,0,-0.549306144334055,0.549306144334055,0
"135",0,0,0,0,0,0,0,0,0
"136",0,0,0,-0.549306144334055,0,0,0.549306144334055,0,0
"137",0.549306144334055,0,0,0,0,-0.549306144334055,0,0,0
"138",0,0,0,0,0,0,0,0,0
"139",0,0,-0.549306144334055,0,0,0.549306144334055,0,0,0
"140",0,0,0,-0.549306144334055,0,0,0,0,0.549306144334055
"141",0,0,0,0,0,-0.549306144334055,0,0.549306144334055,0
"142",0,0.549306144334055,-0.549306144334055,0,0,0,0,0,0
"143",0,0,0,0,0,0.549306144334055,-0.549306144334055,0,0
"144",0,0.549306144334055,0,0,0,0,0,-0.549306144334055,0
"145",0,0,0,0,0,0,0,0,0
"146",0.549306144334055,0,0,0,0,0,0,-0.549306144334055,0
"147",0,0,0,0,0,0,0,0,0
"148",0,0,0,0,0,0,0.549306144334055,-0.549306144334055,0
"149",0,0,0,0,0,0,0,0,0
"150",0,-0.549306144334055,0,0,0,0.549306144334055,0,0,0
"151",0,0,0,0,0,0,0,0,0
"152",0,0,-0.549306144334055,0.549306144334055,0,0,0,0,0
"153",0,0,0,0,0,0,0,0,0
"154",0,0,0,0,0,0,0,0,0
"155",0,0,0,0,0,0,0,0,0
"156",0,0,0.549306144334055,0,0,0,-0.549306144334055,0,0
"157",0,-0.549306144334055,0,0,0,0.549306144334055,0,0,0
"158",0,0,-0.549306144334055,0,0,0,0,0.549306144334055,0
"159",0,0,0,0,0,-0.549306144334055,0,0,0.549306144334055
"160",-0.549306144334055,0,0,0.549306144334055,0,0,0,0,0
"161",0,0,0.549306144334055,0,0,0,0,-0.549306144334055,0
"162",0,0,0,0,0,0,0,0.549306144334055,-0.549306144334055
"163",0,0,0,0,-0.549306144334055,0.549306144334055,0,0,0
"164",0,0,0,0,0,0,0,0,0
"165",0,0,0,0,0.549306144334055,-0.549306144334055,0,0,0
"166",-0.549306144334055,0,0,0,0.549306144334055,0,0,0,0
"167",0,0.549306144334055,0,-0.549306144334055,0,0,0,0,0
"168",0,0,0,0,0,0,0,0,0
"169",0,0.549306144334055,0,0,-0.549306144334055,0,0,0,0
"170",0,0,0,0,0,0,0,0,0
"171",0,0.549306144334055,0,0,0,-0.549306144334055,0,0,0
"172",0,-0.549306144334055,0,0,0,0,0,0.549306144334055,0
"173",0,0,0,0,0,0,0,0,0
"174",0,0,0.549306144334055,0,-0.549306144334055,0,0,0,0
"175",0,0,0,0,0,0,0,0,0
"176",-0.549306144334055,0,0,0,0,0,0,0,0.549306144334055
"177",0.549306144334055,0,0,0,0,0,-0.549306144334055,0,0
"178",0,0,0,0,0,0,0,0,0
"179",0,0,0,0,0,0,0,0,0
"180",0,0,0,-0.549306144334055,0.549306144334055,0,0,0,0
"181",0,0,0,0.549306144334055,-0.549306144334055,0,0,0,0
"182",0,0,0,0,-0.549306144334055,0,0,0,0.549306144334055
"183",0,-0.549306144334055,0.549306144334055,0,0,0,0,0,0
"184",0,0,0,0,0,0,0,0,0
"185",0,0,0.549306144334055,0,0,0,0,0,-0.549306144334055
"186",0,0,0,0.549306144334055,0,0,0,-0.549306144334055,0
"187",0.549306144334055,0,0,-0.549306144334055,0,0,0,0,0
"188",0,0,0,0,0,0,0,0,0
"189",0,0,0,0,0,0,0,0,0
"190",0,0,0,0,0,0,0,0,0
"191",0,0,0,0,0.549306144334055,0,0,-0.549306144334055,0
"192",-0.549306144334055,0,0.549306144334055,0,0,0,0,0,0
"193",0,0,0,0,0,0.549306144334055,0,-0.549306144334055,0
"194",0,0,0,0,-0.549306144334055,0,0.549306144334055,0,0
"195",0,0,0,0,0,0,0,0,0
"196",0,0,0,0,0.549306144334055,0,-0.549306144334055,0,0
"197",0,0,0,0,0,0,0,0,0
"198",0,0,-0.549306144334055,0,0,0,0,0,0.549306144334055
"199",0,0,0.549306144334055,-0.549306144334055,0,0,0,0,0
"200",0,0,0,0,0,0,0,0,0
"201",0,0,0,0,0,0,0,0,0
"202",-0.549306144334055,0,0,0,0,0,0.549306144334055,0,0
"203",0,0,0,0,0.549306144334055,0,0,0,-0.549306144334055
"204",0,0,0,0,-0.549306144334055,0,0,0.549306144334055,0
"205",0,0,0,0,0,0,0,-0.549306144334055,0.549306144334055
"206",-0.549306144334055,0,0,0,0,0.549306144334055,0,0,0
"207",0,0,0,0,0,0,0,0,0
"208",0,0,0,0,0,0,0,0,0
"209",0,0,0,0,0,0,0,0,0
"210",0,0,0,-0.549306144334055,0,0,0,0.549306144334055,0
"211",0.549306144334055,-0.549306144334055,0,0,0,0,0,0,0
"212",0,-0.549306144334055,0,0,0,0,0,0,0.549306144334055
"213",0,0,0,0,0,0,-0.549306144334055,0,0.549306144334055
"214",0,0,0,0.549306144334055,0,0,-0.549306144334055,0,0
"215",0.549306144334055,0,0,0,0,0,0,-0.549306144334055,0
"216",0,0.549306144334055,0,0,0,-0.549306144334055,0,0,0
"217",0,0,0,0,0,0,0,0,0
"218",0,0,0,0,0,0,0,0,0
"219",0.549306144334055,0,0,0,-0.549306144334055,0,0,0,0
"220",0,0,0,0,0,0,0,0,0
"221",0,0,0,0,0,0.549306144334055,0,0,-0.549306144334055
"222",0,0,0,0,0,0,0,0,0
"223",0,0,0,0,0,0,0.549306144334055,0,-0.549306144334055
"224",0,0,0,0,0,0,0,0,0
"225",0,-0.549306144334055,0,0,0.549306144334055,0,0,0,0
"226",0,0.549306144334055,0,0,0,0,0,0,-0.549306144334055
"227",-0.549306144334055,0,0,0,0,0,0,0.549306144334055,0
"228",0,0,0,0.549306144334055,0,0,0,0,-0.549306144334055
"229",0,0,0,0,0,-0.549306144334055,0.549306144334055,0,0
"230",0,-0.549306144334055,0,0.549306144334055,0,0,0,0,0
"231",0,0,-0.549306144334055,0,0.549306144334055,0,0,0,0
"232",0,0,0,0,0,0,0,0,0
"233",0,0,0,0,0,0,0,0,0
"234",0,0,0,0,0,0,0,0,0
"235",0,0,0,0,0,0,0,0,0
"236",0.549306144334055,0,0,0,0,0,0,0,-0.549306144334055
"237",0,0,0,0,0,0,0,0,0
"238",0,0,-0.549306144334055,0,0,0,0.549306144334055,0,0
"239",0,0,0.549306144334055,0,0,-0.549306144334055,0,0,0
"240",0,0,0,-0.549306144334055,0,0.549306144334055,0,0,0
"241",0,0,0,0,0,0,0,0,0
"242",0,0,0,0.549306144334055,0,-0.549306144334055,0,0,0
"243",0,0,0,0,0,0,0,0,0
"244",0,0,0,0,0,0,0,0,0
"245",0,0,0,0,0,0,0,0,0
"246",0,0,0,0,0,0,0,0,0
"247",-0.549306144334055,0.549306144334055,0,0,0,0,0,0,0
"248",0,0,0,0,0,0,0,0,0
"249",0,0,0,0,0,0,0,0,0
"250",0,0,0,0,0,0,0,0,0
"251",0,0,0,0,0,0,-0.549306144334055,0.549306144334055,0
"252",0,0,0,0,0,0,0,0,0
"253",0,0,0,-0.549306144334055,0,0,0.549306144334055,0,0
"254",0.549306144334055,0,0,0,0,-0.549306144334055,0,0,0
"255",0,0,0,0,0,0,0,0,0
"256",0,0,-0.549306144334055,0,0,0.549306144334055,0,0,0
"257",0,0,0,-0.549306144334055,0,0,0,0,0.549306144334055
"258",0,0,0,0,0,-0.549306144334055,0,0.549306144334055,0
"259",0,0.549306144334055,-0.549306144334055,0,0,0,0,0,0
"260",0,0,0,0,0,0.549306144334055,-0.549306144334055,0,0
"261",0,0.549306144334055,0,0,0,0,0,-0.549306144334055,0
"262",0,0,0,0,0,0,0,0,0
"263",0.549306144334055,0,0,0,0,0,0,-0.549306144334055,0
"264",0,0,0,0,0,0,0,0,0
"265",0,0,0,0,0,0,0.549306144334055,-0.549306144334055,0
"266",0,0,0,0,0,0,0,0,0
"267",0,-0.549306144334055,0,0,0,0.549306144334055,0,0,0
"268",0,0,0,0,0,0,0,0,0
"269",0,0,-0.549306144334055,0.549306144334055,0,0,0,0,0
"270",0,0,0,0,0,0,0,0,0
"271",0,0,0,0,0,0,0,0,0
"272",0,0,0,0,0,0,0,0,0
"273",0,0,0.549306144334055,0,0,0,-0.549306144334055,0,0
"274",0,-0.549306144334055,0,0,0,0.549306144334055,0,0,0
"275",0,0,-0.549306144334055,0,0,0,0,0.549306144334055,0
"276",0,0,0,0,0,-0.549306144334055,0,0,0.549306144334055
"277",-0.549306144334055,0,0,0.549306144334055,0,0,0,0,0
"278",0,0,0.549306144334055,0,0,0,0,-0.549306144334055,0
"279",0,0,0,0,0,0,0,0.549306144334055,-0.549306144334055
"280",0,0,0,0,-0.549306144334055,0.549306144334055,0,0,0
"281",0,0,0,0,0,0,0,0,0
"282",0,0,0,0,0.549306144334055,-0.549306144334055,0,0,0
"283",-0.549306144334055,0,0,0,0.549306144334055,0,0,0,0
"284",0,0.549306144334055,0,-0.549306144334055,0,0,0,0,0
"285",0,0,0,0,0,0,0,0,0
"286",0,0.549306144334055,0,0,-0.549306144334055,0,0,0,0
"287",0,0,0,0,0,0,0,0,0
"288",0,0.549306144334055,0,0,0,-0.549306144334055,0,0,0
"289",0,-0.549306144334055,0,0,0,0,0,0.549306144334055,0
"290",0,0,0,0,0,0,0,0,0
"291",0,0,0.549306144334055,0,-0.549306144334055,0,0,0,0
"292",0,0,0,0,0,0,0,0,0
"293",-0.549306144334055,0,0,0,0,0,0,0,0.549306144334055
"294",0.549306144334055,0,0,0,0,0,-0.549306144334055,0,0
"295",0,0,0,0,0,0,0,0,0
"296",0,0,0,0,0,0,0,0,0
"297",0,0,0,-0.549306144334055,0.549306144334055,0,0,0,0
"298",0,0,0,0.549306144334055,-0.549306144334055,0,0,0,0
"299",0,0,0,0,-0.549306144334055,0,0,0,0.549306144334055
"300",0,-0.549306144334055,0.549306144334055,0,0,0,0,0,0
"301",0,0,0,0,0,0,0,0,0
"302",0,0,0.549306144334055,0,0,0,0,0,-0.549306144334055
"303",0,0,0,0.549306144334055,0,0,0,-0.549306144334055,0
"304",0.549306144334055,0,0,-0.549306144334055,0,0,0,0,0
"305",0,0,0,0,0,0,0,0,0
"306",0,0,0,0,0,0,0,0,0
"307",0,0,0,0,0,0,0,0,0
"308",0,0,0,0,0.549306144334055,0,0,-0.549306144334055,0
"309",-0.549306144334055,0,0.549306144334055,0,0,0,0,0,0
"310",0,0,0,0,0,0.549306144334055,0,-0.549306144334055,0
"311",0,0,0,0,-0.549306144334055,0,0.549306144334055,0,0
"312",0,0,0,0,0,0,0,0,0
"313",0,0,0,0,0.549306144334055,0,-0.549306144334055,0,0
"314",0,0,0,0,0,0,0,0,0
"315",0,0,-0.549306144334055,0,0,0,0,0,0.549306144334055
"316",0,0,0.549306144334055,-0.549306144334055,0,0,0,0,0
"317",0,0,0,0,0,0,0,0,0
"318",0,0,0,0,0,0,0,0,0
"319",-0.549306144334055,0,0,0,0,0,0.549306144334055,0,0
"320",0,0,0,0,0.549306144334055,0,0,0,-0.549306144334055
"321",0,0,0,0,-0.549306144334055,0,0,0.549306144334055,0
"322",0,0,0,0,0,0,0,-0.549306144334055,0.549306144334055
"323",-0.549306144334055,0,0,0,0,0.549306144334055,0,0,0
"324",0,0,0,0,0,0,0,0,0
"325",0,0,0,0,0,0,0,0,0
"326",0,0,0,0,0,0,0,0,0
"327",0,0,0,-0.549306144334055,0,0,0,0.549306144334055,0
"328",0.549306144334055,-0.549306144334055,0,0,0,0,0,0,0
"329",0,-0.549306144334055,0,0,0,0,0,0,0.549306144334055
"330",0,0,0,0,0,0,-0.549306144334055,0,0.549306144334055
"331",0,0,0,0.549306144334055,0,0,-0.549306144334055,0,0
"332",0.549306144334055,0,0,0,0,0,0,-0.549306144334055,0
"333",0,0.549306144334055,0,0,0,-0.549306144334055,0,0,0
"334",0,0,0,0,0,0,0,0,0
"335",0,0,0,0,0,0,0,0,0
"336",0.549306144334055,0,0,0,-0.549306144334055,0,0,0,0
"337",0,0,0,0,0,0,0,0,0
"338",0,0,0,0,0,0.549306144334055,0,0,-0.549306144334055
"339",0,0,0,0,0,0,0,0,0
"340",0,0,0,0,0,0,0.549306144334055,0,-0.549306144334055
"341",0,0,0,0,0,0,0,0,0
"342",0,-0.549306144334055,0,0,0.549306144334055,0,0,0,0
"343",0,0.549306144334055,0,0,0,0,0,0,-0.549306144334055
"344",-0.549306144334055,0,0,0,0,0,0,0.549306144334055,0
"345",0,0,0,0.549306144334055,0,0,0,0,-0.549306144334055
"346",0,0,0,0,0,-0.549306144334055,0.549306144334055,0,0
"347",0,-0.549306144334055,0,0.549306144334055,0,0,0,0,0
"348",0,0,-0.549306144334055,0,0.549306144334055,0,0,0,0
"349",0,0,0,0,0,0,0,0,0
"350",0,0,0,0,0,0,0,0,0
"351",0,0,0,0,0,0,0,0,0
"352",0,0,0,0,0,0,0,0,0
"353",0.549306144334055,0,0,0,0,0,0,0,-0.549306144334055
"354",0,0,0,0,0,0,0,0,0
"355",0,0,-0.549306144334055,0,0,0,0.549306144334055,0,0
"356",0,0,0.549306144334055,0,0,-0.549306144334055,0,0,0
"357",0,0,0,-0.549306144334055,0,0.549306144334055,0,0,0
"358",0,0,0,0,0,0,0,0,0
"359",0,0,0,0.549306144334055,0,-0.549306144334055,0,0,0
"360",0,0,0,0,0,0,0,0,0
"361",0,0,0,0,0,0,0,0,0
"362",0,0,0,0,0,0,0,0,0
"363",0,0,0,0,0,0,0,0,0
"364",-0.549306144334055,0.549306144334055,0,0,0,0,0,0,0
"365",0,0,0,0,0,0,0,0,0
"366",0,0,0,0,0,0,0,0,0
"367",0,0,0,0,0,0,0,0,0
"368",0,0,0,0,0,0,-0.549306144334055,0.549306144334055,0
"369",0,0,0,0,0,0,0,0,0
"370",0,0,0,-0.549306144334055,0,0,0.549306144334055,0,0
"371",0.549306144334055,0,0,0,0,-0.549306144334055,0,0,0
"372",0,0,0,0,0,0,0,0,0
"373",0,0,-0.549306144334055,0,0,0.549306144334055,0,0,0
"374",0,0,0,-0.549306144334055,0,0,0,0,0.549306144334055
"375",0,0,0,0,0,-0.549306144334055,0,0.549306144334055,0
"376",0,0.549306144334055,-0.549306144334055,0,0,0,0,0,0
"377",0,0,0,0,0,0.549306144334055,-0.549306144334055,0,0
"378",0,0.549306144334055,0,0,0,0,0,-0.549306144334055,0
"379",0,0,0,0,0,0,0,0,0
"380",0.549306144334055,0,0,0,0,0,0,-0.549306144334055,0
"381",0,0,0,0,0,0,0,0,0
"382",0,0,0,0,0,0,0.549306144334055,-0.549306144334055,0
"383",0,0,0,0,0,0,0,0,0
"384",0,-0.549306144334055,0,0,0,0.549306144334055,0,0,0
"385",0,0,0,0,0,0,0,0,0
"386",0,0,-0.549306144334055,0.549306144334055,0,0,0,0,0
"387",0,0,0,0,0,0,0,0,0
"388",0,0,0,0,0,0,0,0,0
"389",0,0,0,0,0,0,0,0,0
"390",0,0,0.549306144334055,0,0,0,-0.549306144334055,0,0
"391",0,-0.549306144334055,0,0,0,0.549306144334055,0,0,0
"392",0,0,-0.549306144334055,0,0,0,0,0.549306144334055,0
"393",0,0,0,0,0,-0.549306144334055,0,0,0.549306144334055
"394",-0.549306144334055,0,0,0.549306144334055,0,0,0,0,0
"395",0,0,0.549306144334055,0,0,0,0,-0.549306144334055,0
"396",0,0,0,0,0,0,0,0.549306144334055,-0.549306144334055
"397",0,0,0,0,-0.549306144334055,0.549306144334055,0,0,0
"398",0,0,0,0,0,0,0,0,0
"399",0,0,0,0,0.549306144334055,-0.549306144334055,0,0,0
"400",-0.549306144334055,0,0,0,0.549306144334055,0,0,0,0
"401",0,0.549306144334055,0,-0.549306144334055,0,0,0,0,0
"402",0,0,0,0,0,0,0,0,0
"403",0,0.549306144334055,0,0,-0.549306144334055,0,0,0,0
"404",0,0,0,0,0,0,0,0,0
"405",0,0.549306144334055,0,0,0,-0.549306144334055,0,0,0
"406",0,-0.549306144334055,0,0,0,0,0,0.549306144334055,0
"407",0,0,0,0,0,0,0,0,0
"408",0,0,0.549306144334055,0,-0.549306144334055,0,0,0,0
"409",0,0,0,0,0,0,0,0,0
"410",-0.549306144334055,0,0,0,0,0,0,0,0.549306144334055
"411",0.549306144334055,0,0,0,0,0,-0.549306144334055,0,0
"412",0,0,0,0,0,0,0,0,0
"413",0,0,0,0,0,0,0,0,0
"414",0,0,0,-0.549306144334055,0.549306144334055,0,0,0,0
"415",0,0,0,0.549306144334055,-0.549306144334055,0,0,0,0
"416",0,0,0,0,-0.549306144334055,0,0,0,0.549306144334055
"417",0,-0.549306144334055,0.549306144334055,0,0,0,0,0,0
"418",0,0,0,0,0,0,0,0,0
"419",0,0,0.549306144334055,0,0,0,0,0,-0.549306144334055
"420",0,0,0,0.549306144334055,0,0,0,-0.549306144334055,0
"421",0.549306144334055,0,0,-0.549306144334055,0,0,0,0,0
"422",0,0,0,0,0,0,0,0,0
"423",0,0,0,0,0,0,0,0,0
"424",0,0,0,0,0,0,0,0,0
"425",0,0,0,0,0.549306144334055,0,0,-0.549306144334055,0
"426",-0.549306144334055,0,0.549306144334055,0,0,0,0,0,0
"427",0,0,0,0,0,0.549306144334055,0,-0.549306144334055,0
"428",0,0,0,0,-0.549306144334055,0,0.549306144334055,0,0
"429",0,0,0,0,0,0,0,0,0
"430",0,0,0,0,0.549306144334055,0,-0.549306144334055,0,0
"431",0,0,0,0,0,0,0,0,0
"432",0,0,-0.549306144334055,0,0,0,0,0,0.549306144334055
"433",0,0,0.549306144334055,-0.549306144334055,0,0,0,0,0
"434",0,0,0,0,0,0,0,0,0
"435",0,0,0,0,0,0,0,0,0
"436",-0.549306144334055,0,0,0,0,0,0.549306144334055,0,0
"437",0,0,0,0,0.549306144334055,0,0,0,-0.549306144334055
"438",0,0,0,0,-0.549306144334055,0,0,0.549306144334055,0
"439",0,0,0,0,0,0,0,-0.549306144334055,0.549306144334055
"440",-0.549306144334055,0,0,0,0,0.549306144334055,0,0,0
"441",0,0,0,0,0,0,0,0,0
"442",0,0,0,0,0,0,0,0,0
"443",0,0,0,0,0,0,0,0,0
"444",0,0,0,-0.549306144334055,0,0,0,0.549306144334055,0
"445",0.549306144334055,-0.549306144334055,0,0,0,0,0,0,0
"446",0,-0.549306144334055,0,0,0,0,0,0,0.549306144334055
"447",0,0,0,0,0,0,-0.549306144334055,0,0.549306144334055
"448",0,0,0,0.549306144334055,0,0,-0.549306144334055,0,0
"449",0.549306144334055,0,0,0,0,0,0,-0.549306144334055,0
"450",0,0.549306144334055,0,0,0,-0.549306144334055,0,0,0
"451",0,0,0,0,0,0,0,0,0
"452",0,0,0,0,0,0,0,0,0
"453",0.549306144334055,0,0,0,-0.549306144334055,0,0,0,0
"454",0,0,0,0,0,0,0,0,0
"455",0,0,0,0,0,0.549306144334055,0,0,-0.549306144334055
"456",0,0,0,0,0,0,0,0,0
"457",0,0,0,0,0,0,0.549306144334055,0,-0.549306144334055
"458",0,0,0,0,0,0,0,0,0
"459",0,-0.549306144334055,0,0,0.549306144334055,0,0,0,0
"460",0,0.549306144334055,0,0,0,0,0,0,-0.549306144334055
"461",-0.549306144334055,0,0,0,0,0,0,0.549306144334055,0
"462",0,0,0,0.549306144334055,0,0,0,0,-0.549306144334055
"463",0,0,0,0,0,-0.549306144334055,0.549306144334055,0,0
"464",0,-0.549306144334055,0,0.549306144334055,0,0,0,0,0
"465",0,0,-0.549306144334055,0,0.549306144334055,0,0,0,0
"466",0,0,0,0,0,0,0,0,0
"467",0,0,0,0,0,0,0,0,0
"468",0,0,0,0,0,0,0,0,0
"469",0,0,0,0,0,0,0,0,0
"470",0.549306144334055,0,0,0,0,0,0,0,-0.549306144334055
"471",0,0,0,0,0,0,0,0,0
"472",0,0,-0.549306144334055,0,0,0,0.549306144334055,0,0
"473",0,0,0.549306144334055,0,0,-0.549306144334055,0,0,0
"474",0,0,0,-0.549306144334055,0,0.549306144334055,0,0,0
"475",0,0,0,0,0,0,0,0,0
"476",0,0,0,0.549306144334055,0,-0.549306144334055,0,0,0
"477",0,0,0,0,0,0,0,0,0
"478",0,0,0,0,0,0,0,0,0
"479",0,0,0,0,0,0,0,0,0
"480",0,0,0,0,0,0,0,0,0
"481",-0.549306144334055,0.549306144334055,0,0,0,0,0,0,0
"482",0,0,0,0,0,0,0,0,0
"483",0,0,0,0,0,0,0,0,0
"484",0,0,0,0,0,0,0,0,0
"485",0,0,0,0,0,0,-0.549306144334055,0.549306144334055,0
"486",0,0,0,0,0,0,0,0,0
"487",0,0,0,-0.549306144334055,0,0,0.549306144334055,0,0
"488",0.549306144334055,0,0,0,0,-0.549306144334055,0,0,0
"489",0,0,0,0,0,0,0,0,0
"490",0,0,-0.549306144334055,0,0,0.549306144334055,0,0,0
"491",0,0,0,-0.549306144334055,0,0,0,0,0.549306144334055
"492",0,0,0,0,0,-0.549306144334055,0,0.549306144334055,0
"493",0,0.549306144334055,-0.549306144334055,0,0,0,0,0,0
"494",0,0,0,0,0,0.549306144334055,-0.549306144334055,0,0
"495",0,0.549306144334055,0,0,0,0,0,-0.549306144334055,0
"496",0,0,0,0,0,0,0,0,0
"497",0.549306144334055,0,0,0,0,0,0,-0.549306144334055,0
"498",0,0,0,0,0,0,0,0,0
"499",0,0,0,0,0,0,0.549306144334055,-0.549306144334055,0
"500",0,0,0,0,0,0,0,0,0
"501",0,-0.549306144334055,0,0,0,0.549306144334055,0,0,0
"502",0,0,0,0,0,0,0,0,0
"503",0,0,-0.549306144334055,0.549306144334055,0,0,0,0,0
"504",0,0,0,0,0,0,0,0,0
"505",0,0,0,0,0,0,0,0,0
"506",0,0,0,0,0,0,0,0,0
"507",0,0,0.549306144334055,0,0,0,-0.549306144334055,0,0
"508",0,-0.549306144334055,0,0,0,0.549306144334055,0,0,0
"509",0,0,-0.549306144334055,0,0,0,0,0.549306144334055,0
"510",0,0,0,0,0,-0.549306144334055,0,0,0.549306144334055
"511",-0.549306144334055,0,0,0.549306144334055,0,0,0,0,0
"512",0,0,0.549306144334055,0,0,0,0,-0.549306144334055,0
"513",0,0,0,0,0,0,0,0.549306144334055,-0.549306144334055
"514",0,0,0,0,-0.549306144334055,0.549306144334055,0,0,0
"515",0,0,0,0,0,0,0,0,0
"516",0,0,0,0,0.549306144334055,-0.549306144334055,0,0,0
"517",-0.549306144334055,0,0,0,0.549306144334055,0,0,0,0
"518",0,0.549306144334055,0,-0.549306144334055,0,0,0,0,0
"519",0,0,0,0,0,0,0,0,0
"520",0,0.549306144334055,0,0,-0.549306144334055,0,0,0,0
"521",0,0,0,0,0,0,0,0,0
"522",0,0.549306144334055,0,0,0,-0.549306144334055,0,0,0
"523",0,-0.549306144334055,0,0,0,0,0,0.549306144334055,0
"524",0,0,0,0,0,0,0,0,0
"525",0,0,0.549306144334055,0,-0.549306144334055,0,0,0,0
"526",0,0,0,0,0,0,0,0,0
"527",-0.549306144334055,0,0,0,0,0,0,0,0.549306144334055
"528",0.549306144334055,0,0,0,0,0,-0.549306144334055,0,0
"529",0,0,0,0,0,0,0,0,0
"530",0,0,0,0,0,0,0,0,0
"531",0,0,0,-0.549306144334055,0.549306144334055,0,0,0,0
"532",0,0,0,0.549306144334055,-0.549306144334055,0,0,0,0
"533",0,0,0,0,-0.549306144334055,0,0,0,0.549306144334055
"534",0,-0.549306144334055,0.549306144334055,0,0,0,0,0,0
"535",0,0,0,0,0,0,0,0,0
"536",0,0,0.549306144334055,0,0,0,0,0,-0.549306144334055
"537",0,0,0,0.549306144334055,0,0,0,-0.549306144334055,0
"538",0.549306144334055,0,0,-0.549306144334055,0,0,0,0,0
"539",0,0,0,0,0,0,0,0,0
"540",0,0,0,0,0,0,0,0,0
"541",0,0,0,0,0,0,0,0,0
"542",0,0,0,0,0.549306144334055,0,0,-0.549306144334055,0
"543",-0.549306144334055,0,0.549306144334055,0,0,0,0,0,0
"544",0,0,0,0,0,0.549306144334055,0,-0.549306144334055,0
"545",0,0,0,0,-0.549306144334055,0,0.549306144334055,0,0
"546",0,0,0,0,0,0,0,0,0
"547",0,0,0,0,0.549306144334055,0,-0.549306144334055,0,0
"548",0,0,0,0,0,0,0,0,0
"549",0,0,-0.549306144334055,0,0,0,0,0,0.549306144334055
"550",0,0,0.549306144334055,-0.549306144334055,0,0,0,0,0
"551",0,0,0,0,0,0,0,0,0
"552",0,0,0,0,0,0,0,0,0
"553",-0.549306144334055,0,0,0,0,0,0.549306144334055,0,0
"554",0,0,0,0,0.549306144334055,0,0,0,-0.549306144334055
"555",0,0,0,0,-0.549306144334055,0,0,0.549306144334055,0
"556",0,0,0,0,0,0,0,-0.549306144334055,0.549306144334055
"557",-0.549306144334055,0,0,0,0,0.549306144334055,0,0,0
"558",0,0,0,0,0,0,0,0,0
"559",0,0,0,0,0,0,0,0,0
"560",0,0,0,0,0,0,0,0,0
"561",0,0,0,-0.549306144334055,0,0,0,0.549306144334055,0
"562",0.549306144334055,-0.549306144334055,0,0,0,0,0,0,0
"563",0,-0.549306144334055,0,0,0,0,0,0,0.549306144334055
"564",0,0,0,0,0,0,-0.549306144334055,0,0.549306144334055
"565",0,0,0,0.549306144334055,0,0,-0.549306144334055,0,0
"566",0.549306144334055,0,0,0,0,0,0,-0.549306144334055,0
"567",0,0.549306144334055,0,0,0,-0.549306144334055,0,0,0
"568",0,0,0,0,0,0,0,0,0
"569",0,0,0,0,0,0,0,0,0
"570",0.549306144334055,0,0,0,-0.549306144334055,0,0,0,0
"571",0,0,0,0,0,0,0,0,0
"572",0,0,0,0,0,0.549306144334055,0,0,-0.549306144334055
"573",0,0,0,0,0,0,0,0,0
"574",0,0,0,0,0,0,0.549306144334055,0,-0.549306144334055
"575",0,0,0,0,0,0,0,0,0
"576",0,-0.549306144334055,0,0,0.549306144334055,0,0,0,0
"577",0,0.549306144334055,0,0,0,0,0,0,-0.549306144334055
"578",-0.549306144334055,0,0,0,0,0,0,0.549306144334055,0
"579",0,0,0,0.549306144334055,0,0,0,0,-0.549306144334055
"580",0,0,0,0,0,-0.549306144334055,0.549306144334055,0,0
"581",0,-0.549306144334055,0,0.549306144334055,0,0,0,0,0
"582",0,0,-0.549306144334055,0,0.549306144334055,0,0,0,0
"583",0,0,0,0,0,0,0,0,0
"584",0,0,0,0,0,0,0,0,0
"585",0,0,0,0,0,0,0,0,0
"586",0,0,0,0,0,0,0,0,0
"587",0.549306144334055,0,0,0,0,0,0,0,-0.549306144334055
"588",0,0,0,0,0,0,0,0,0
"589",0,0,-0.549306144334055,0,0,0,0.549306144334055,0,0
"590",0,0,0.549306144334055,0,0,-0.549306144334055,0,0,0
"591",0,0,0,-0.549306144334055,0,0.549306144334055,0,0,0
"592",0,0,0,0,0,0,0,0,0
"593",0,0,0,0.549306144334055,0,-0.549306144334055,0,0,0
"594",0,0,0,0,0,0,0,0,0
"595",0,0,0,0,0,0,0,0,0
"596",0,0,0,0,0,0,0,0,0
"597",0,0,0,0,0,0,0,0,0
"598",-0.549306144334055,0.549306144334055,0,0,0,0,0,0,0
"599",0,0,0,0,0,0,0,0,0
"600",0,0,0,0,0,0,0,0,0
"601",0,0,0,0,0,0,0,0,0
"602",0,0,0,0,0,0,-0.549306144334055,0.549306144334055,0
"603",0,0,0,0,0,0,0,0,0
"604",0,0,0,-0.549306144334055,0,0,0.549306144334055,0,0
"605",0.549306144334055,0,0,0,0,-0.549306144334055,0,0,0
"606",0,0,0,0,0,0,0,0,0
"607",0,0,-0.549306144334055,0,0,0.549306144334055,0,0,0
"608",0,0,0,-0.549306144334055,0,0,0,0,0.549306144334055
"609",0,0,0,0,0,-0.549306144334055,0,0.549306144334055,0
"610",0,0.549306144334055,-0.549306144334055,0,0,0,0,0,0
"611",0,0,0,0,0,0.549306144334055,-0.549306144334055,0,0
"612",0,0.549306144334055,0,0,0,0,0,-0.549306144334055,0
"613",0,0,0,0,0,0,0,0,0
"614",0.549306144334055,0,0,0,0,0,0,-0.549306144334055,0
"615",0,0,0,0,0,0,0,0,0
"616",0,0,0,0,0,0,0.549306144334055,-0.549306144334055,0
"617",0,0,0,0,0,0,0,0,0
"618",0,-0.549306144334055,0,0,0,0.549306144334055,0,0,0
"619",0,0,0,0,0,0,0,0,0
"620",0,0,-0.549306144334055,0.549306144334055,0,0,0,0,0
"621",0,0,0,0,0,0,0,0,0
"622",0,0,0,0,0,0,0,0,0
"623",0,0,0,0,0,0,0,0,0
"624",0,0,0.549306144334055,0,0,0,-0.549306144334055,0,0
"625",0,-0.549306144334055,0,0,0,0.549306144334055,0,0,0
"626",0,0,-0.549306144334055,0,0,0,0,0.549306144334055,0
"627",0,0,0,0,0,-0.549306144334055,0,0,0.549306144334055
"628",-0.549306144334055,0,0,0.549306144334055,0,0,0,0,0
"629",0,0,0.549306144334055,0,0,0,0,-0.549306144334055,0
"630",0,0,0,0,0,0,0,0.549306144334055,-0.549306144334055
"631",0,0,0,0,-0.549306144334055,0.549306144334055,0,0,0
"632",0,0,0,0,0,0,0,0,0
"633",0,0,0,0,0.549306144334055,-0.549306144334055,0,0,0
"634",-0.549306144334055,0,0,0,0.549306144334055,0,0,0,0
"635",0,0.549306144334055,0,-0.549306144334055,0,0,0,0,0
"636",0,0,0,0,0,0,0,0,0
"637",0,0.549306144334055,0,0,-0.549306144334055,0,0,0,0
"638",0,0,0,0,0,0,0,0,0
"639",0,0.549306144334055,0,0,0,-0.549306144334055,0,0,0
"640",0,-0.549306144334055,0,0,0,0,0,0.549306144334055,0
"641",0,0,0,0,0,0,0,0,0
"642",0,0,0.549306144334055,0,-0.549306144334055,0,0,0,0
"643",0,0,0,0,0,0,0,0,0
"644",-0.549306144334055,0,0,0,0,0,0,0,0.549306144334055
"645",0.549306144334055,0,0,0,0,0,-0.549306144334055,0,0
"646",0,0,0,0,0,0,0,0,0
"647",0,0,0,0,0,0,0,0,0
"648",0,0,0,-0.549306144334055,0.549306144334055,0,0,0,0
"649",0,0,0,0.549306144334055,-0.549306144334055,0,0,0,0
"650",0,0,0,0,-0.549306144334055,0,0,0,0.549306144334055
"651",0,-0.549306144334055,0.549306144334055,0,0,0,0,0,0
"652",0,0,0,0,0,0,0,0,0
"653",0,0,0.549306144334055,0,0,0,0,0,-0.549306144334055
"654",0,0,0,0.549306144334055,0,0,0,-0.549306144334055,0
"655",0.549306144334055,0,0,-0.549306144334055,0,0,0,0,0
"656",0,0,0,0,0,0,0,0,0
"657",0,0,0,0,0,0,0,0,0
"658",0,0,0,0,0,0,0,0,0
"659",0,0,0,0,0.549306144334055,0,0,-0.549306144334055,0
"660",-0.549306144334055,0,0.549306144334055,0,0,0,0,0,0
"661",0,0,0,0,0,0.549306144334055,0,-0.549306144334055,0
"662",0,0,0,0,-0.549306144334055,0,0.549306144334055,0,0
"663",0,0,0,0,0,0,0,0,0
"664",0,0,0,0,0.549306144334055,0,-0.549306144334055,0,0
"665",0,0,0,0,0,0,0,0,0
"666",0,0,-0.549306144334055,0,0,0,0,0,0.549306144334055
"667",0,0,0.549306144334055,-0.549306144334055,0,0,0,0,0
"668",0,0,0,0,0,0,0,0,0
"669",0,0,0,0,0,0,0,0,0
"670",-0.549306144334055,0,0,0,0,0,0.549306144334055,0,0
"671",0,0,0,0,0.549306144334055,0,0,0,-0.549306144334055
"672",0,0,0,0,-0.549306144334055,0,0,0.549306144334055,0
"673",0,0,0,0,0,0,0,-0.549306144334055,0.549306144334055
"674",-0.549306144334055,0,0,0,0,0.549306144334055,0,0,0
"675",0,0,0,0,0,0,0,0,0
"676",0,0,0,0,0,0,0,0,0
"677",0,0,0,0,0,0,0,0,0
"678",0,0,0,-0.549306144334055,0,0,0,0.549306144334055,0
"679",0.549306144334055,-0.549306144334055,0,0,0,0,0,0,0
"680",0,-0.549306144334055,0,0,0,0,0,0,0.549306144334055
"681",0,0,0,0,0,0,-0.549306144334055,0,0.549306144334055
"682",0,0,0,0.549306144334055,0,0,-0.549306144334055,0,0
"683",0.549306144334055,0,0,0,0,0,0,-0.549306144334055,0
"684",0,0.549306144334055,0,0,0,-0.549306144334055,0,0,0
"685",0,0,0,0,0,0,0,0,0
"686",0,0,0,0,0,0,0,0,0
"687",0.549306144334055,0,0,0,-0.549306144334055,0,0,0,0
"688",0,0,0,0,0,0,0,0,0
"689",0,0,0,0,0,0.549306144334055,0,0,-0.549306144334055
"690",0,0,0,0,0,0,0,0,0
"691",0,0,0,0,0,0,0.549306144334055,0,-0.549306144334055
"692",0,0,0,0,0,0,0,0,0
"693",0,-0.549306144334055,0,0,0.549306144334055,0,0,0,0
"694",0,0.549306144334055,0,0,0,0,0,0,-0.549306144334055
"695",-0.549306144334055,0,0,0,0,0,0,0.549306144334055,0
"696",0,0,0,0.549306144334055,0,0,0,0,-0.549306144334055
"697",0,0,0,0,0,-0.549306144334055,0.549306144334055,0,0
"698",0,-0.549306144334055,0,0.549306144334055,0,0,0,0,0
"699",0,0,-0.549306144334055,0,0.549306144334055,0,0,0,0
"700",0,0,0,0,0,0,0,0,0
"701",0,0,0,0,0,0,0,0,0
"702",0,0,0,0,0,0,0,0,0
"1404",0.549306144334055,0,0,0,0,-0.549306144334055,0,0,0
"1405",0,0,0,0,0,0,0,-0.549306144334055,0.549306144334055
"1406",0,0,-0.549306144334055,0,0,0,0,0,0.549306144334055
"1407",0,0,0,-0.549306144334055,0,0,0,0,0.549306144334055
"1408",0,0.549306144334055,0,0,0,-0.549306144334055,0,0,0
"1409",0,0,0,0,0,0,0,0,0
"1410",0,0,0,0,0,0.549306144334055,0,-0.549306144334055,0
"1411",0,0,0,0,0,0,0,0,0
"1412",0,0,0,0,0,0,0,0,0
"1413",-0.549306144334055,0.549306144334055,0,0,0,0,0,0,0
"1414",-0.549306144334055,0,0,0,0,0,0.549306144334055,0,0
"1415",0,0,0,0,-0.549306144334055,0,0.549306144334055,0,0
"1416",0,-0.549306144334055,0.549306144334055,0,0,0,0,0,0
"1417",0,0,0,0,0,-0.549306144334055,0,0,0.549306144334055
"1418",0,0,0,0,0,0,-0.549306144334055,0.549306144334055,0
"1419",0.549306144334055,0,0,0,-0.549306144334055,0,0,0,0
"1420",0,0,0.549306144334055,0,0,0,0,-0.549306144334055,0
"1421",0,0,-0.549306144334055,0,0.549306144334055,0,0,0,0
"1422",0,0,0,-0.549306144334055,0,0,0.549306144334055,0,0
"1423",0,0,0,0,0,0,0,0,0
"1424",0,0,0.549306144334055,-0.549306144334055,0,0,0,0,0
"1425",0,0,0,0,0,0,0,0,0
"1426",0,0,0,0,0,0,0,0,0
"1427",0,0,0,0,0,0,0,0,0
"1428",0.549306144334055,0,0,0,0,0,0,-0.549306144334055,0
"1429",0,0,0,0,0,0,0,0,0
"1430",0,0,0,0,0,-0.549306144334055,0.549306144334055,0,0
"1431",0,0,0,-0.549306144334055,0,0.549306144334055,0,0,0
"1432",0,0,0,0,0,0,0,0,0
"1433",0,0,0,0,0,0,0,0,0
"1434",0,0,0,0,0,0,0,0,0
"1435",0,0,0,0,0,0,0,0,0
"1436",0,0,0,0,0,0,0,0,0
"1437",0,0,0,0,0.549306144334055,0,0,-0.549306144334055,0
"1438",0,0,0,0,-0.549306144334055,0.549306144334055,0,0,0
"1439",0,0,0.549306144334055,0,0,-0.549306144334055,0,0,0
"1440",0,0,0,0,0,0,0,0,0
"1441",0,0,0,0,0.549306144334055,-0.549306144334055,0,0,0
"1442",0,0,0,0,0,0,0,0,0
"1443",0,0,0,0,0,0,0,0,0
"1444",0,-0.549306144334055,0,0.549306144334055,0,0,0,0,0
"1445",0,0,0,0,0,0,0,0,0
"1446",-0.549306144334055,0,0,0.549306144334055,0,0,0,0,0
"1447",0.549306144334055,0,0,0,0,0,-0.549306144334055,0,0
"1448",0,0.549306144334055,0,0,0,-0.549306144334055,0,0,0
"1449",0,0,0,-0.549306144334055,0.549306144334055,0,0,0,0
"1450",0,0,0,0,-0.549306144334055,0,0,0,0.549306144334055
"1451",0,0,0,0,0,0,0.549306144334055,-0.549306144334055,0
"1452",0,0.549306144334055,-0.549306144334055,0,0,0,0,0,0
"1453",0,-0.549306144334055,0,0,0.549306144334055,0,0,0,0
"1454",0,0,0,0,0,0,0,0,0
"1455",0,0,0,0,0,0,0,0,0
"1456",0,0,0.549306144334055,0,-0.549306144334055,0,0,0,0
"1457",0,0,0,0,0,0,0,0,0
"1458",0,0,0,0,0,0.549306144334055,0,0,-0.549306144334055
"1459",-0.549306144334055,0,0,0,0.549306144334055,0,0,0,0
"1460",0,0,-0.549306144334055,0.549306144334055,0,0,0,0,0
"1461",0,0,0,0,0,0,0,0,0
"1462",0,0,0,0,0,0,0,0,0
"1463",0,0,0,0.549306144334055,-0.549306144334055,0,0,0,0
"1464",0,0,0,0,0,0,0,0,0
"1465",0,-0.549306144334055,0,0,0,0,0,0,0.549306144334055
"1466",0,0,0,0,0,0,0.549306144334055,0,-0.549306144334055
"1467",0,-0.549306144334055,0,0,0,0.549306144334055,0,0,0
"1468",0,0,0,0,0.549306144334055,0,0,0,-0.549306144334055
"1469",0,-0.549306144334055,0,0,0,0,0,0.549306144334055,0
"1470",0,0,0,0,0,0.549306144334055,-0.549306144334055,0,0
"1471",0,0,0,0,0,0,0,0.549306144334055,-0.549306144334055
"1472",-0.549306144334055,0,0,0,0,0,0,0,0.549306144334055
"1473",0,0.549306144334055,0,0,0,0,0,-0.549306144334055,0
"1474",0,-0.549306144334055,0,0,0,0.549306144334055,0,0,0
"1475",0.549306144334055,-0.549306144334055,0,0,0,0,0,0,0
"1476",0,0,0.549306144334055,0,0,0,-0.549306144334055,0,0
"1477",0,0,0,0,0,0,0,0,0
"1478",0,0.549306144334055,0,-0.549306144334055,0,0,0,0,0
"1479",-0.549306144334055,0,0.549306144334055,0,0,0,0,0,0
"1480",0,0,0,0,0,0,0,0,0
"1481",0,0,0,0,0,0,0,0,0
"1482",0.549306144334055,0,0,0,0,0,0,-0.549306144334055,0
"1483",0,0,-0.549306144334055,0,0,0.549306144334055,0,0,0
"1484",0,0,0,0,0,0,0,0,0
"1485",0,0.549306144334055,0,0,0,0,0,0,-0.549306144334055
"1486",0,0,0,0,0,0,0,0,0
"1487",0,0,0,0,0,0,0,0,0
"1488",0,0,0,0,0,0,0,0,0
"1489",0,0,0,0,-0.549306144334055,0,0,0.549306144334055,0
"1490",0,0,0,0,0,0,-0.549306144334055,0,0.549306144334055
"1491",0,0,0,0,0,0,0,0,0
"1492",0,0,0,0,0,0,0,0,0
"1493",0,0,0,0,0,0,0,0,0
"1494",0,0,0.549306144334055,0,0,0,0,0,-0.549306144334055
"1495",0.549306144334055,0,0,0,0,0,0,0,-0.549306144334055
"1496",0,0,0,0.549306144334055,0,-0.549306144334055,0,0,0
"1497",0,0,0,0,0,0,0,0,0
"1498",0,0,0,0,0,0,0,0,0
"1499",-0.549306144334055,0,0,0,0,0.549306144334055,0,0,0
"1500",0,0,0,0,0.549306144334055,0,-0.549306144334055,0,0
"1501",0,0,0,0,0,0,0,0,0
"1502",0,0,0,0,0,0,0,0,0
"1503",0,0,0,0,0,0,0,0,0
"1504",0,0.549306144334055,0,0,-0.549306144334055,0,0,0,0
"1505",0,0,0,0,0,0,0,0,0
"1506",0,0,-0.549306144334055,0,0,0,0.549306144334055,0,0
"1507",0,0,0,0.549306144334055,0,0,0,-0.549306144334055,0
"1508",0,0,0,0,0,0,0,0,0
"1509",-0.549306144334055,0,0,0,0,0,0,0.549306144334055,0
"1510",0,0,0,0,0,0,0,0,0
"1511",0,0,0,-0.549306144334055,0,0,0,0.549306144334055,0
"1512",0,0,0,0,0,0,0,0,0
"1513",0,0,0,0,0,0,0,0,0
"1514",0,0,-0.549306144334055,0,0,0,0,0.549306144334055,0
"1515",0,0,0,0,0,-0.549306144334055,0,0.549306144334055,0
"1516",0,0,0,0.549306144334055,0,0,-0.549306144334055,0,0
"1517",0,0,0,0.549306144334055,0,0,0,0,-0.549306144334055
"1518",0.549306144334055,0,0,-0.549306144334055,0,0,0,0,0
"1519",0,0,0,0,0,0,0,0,0
"1520",0,0,0,0,0,0,0,0,0
"1521",0.549306144334055,0,0,0,0,-0.549306144334055,0,0,0
"1522",0,0,0,0,0,0,0,-0.549306144334055,0.549306144334055
"1523",0,0,-0.549306144334055,0,0,0,0,0,0.549306144334055
"1524",0,0,0,-0.549306144334055,0,0,0,0,0.549306144334055
"1525",0,0.549306144334055,0,0,0,-0.549306144334055,0,0,0
"1526",0,0,0,0,0,0,0,0,0
"1527",0,0,0,0,0,0.549306144334055,0,-0.549306144334055,0
"1528",0,0,0,0,0,0,0,0,0
"1529",0,0,0,0,0,0,0,0,0
"1530",-0.549306144334055,0.549306144334055,0,0,0,0,0,0,0
"1531",-0.549306144334055,0,0,0,0,0,0.549306144334055,0,0
"1532",0,0,0,0,-0.549306144334055,0,0.549306144334055,0,0
"1533",0,-0.549306144334055,0.549306144334055,0,0,0,0,0,0
"1534",0,0,0,0,0,-0.549306144334055,0,0,0.549306144334055
"1535",0,0,0,0,0,0,-0.549306144334055,0.549306144334055,0
"1536",0.549306144334055,0,0,0,-0.549306144334055,0,0,0,0
"1537",0,0,0.549306144334055,0,0,0,0,-0.549306144334055,0
"1538",0,0,-0.549306144334055,0,0.549306144334055,0,0,0,0
"1539",0,0,0,-0.549306144334055,0,0,0.549306144334055,0,0
"1540",0,0,0,0,0,0,0,0,0
"1541",0,0,0.549306144334055,-0.549306144334055,0,0,0,0,0
"1542",0,0,0,0,0,0,0,0,0
"1543",0,0,0,0,0,0,0,0,0
"1544",0,0,0,0,0,0,0,0,0
"1545",0.549306144334055,0,0,0,0,0,0,-0.549306144334055,0
"1546",0,0,0,0,0,0,0,0,0
"1547",0,0,0,0,0,-0.549306144334055,0.549306144334055,0,0
"1548",0,0,0,-0.549306144334055,0,0.549306144334055,0,0,0
"1549",0,0,0,0,0,0,0,0,0
"1550",0,0,0,0,0,0,0,0,0
"1551",0,0,0,0,0,0,0,0,0
"1552",0,0,0,0,0,0,0,0,0
"1553",0,0,0,0,0,0,0,0,0
"1554",0,0,0,0,0.549306144334055,0,0,-0.549306144334055,0
"1555",0,0,0,0,-0.549306144334055,0.549306144334055,0,0,0
"1556",0,0,0.549306144334055,0,0,-0.549306144334055,0,0,0
"1557",0,0,0,0,0,0,0,0,0
"1558",0,0,0,0,0.549306144334055,-0.549306144334055,0,0,0
"1559",0,0,0,0,0,0,0,0,0
"1560",0,0,0,0,0,0,0,0,0
"1561",0,-0.549306144334055,0,0.549306144334055,0,0,0,0,0
"1562",0,0,0,0,0,0,0,0,0
"1563",-0.549306144334055,0,0,0.549306144334055,0,0,0,0,0
"1564",0.549306144334055,0,0,0,0,0,-0.549306144334055,0,0
"1565",0,0.549306144334055,0,0,0,-0.549306144334055,0,0,0
"1566",0,0,0,-0.549306144334055,0.549306144334055,0,0,0,0
"1567",0,0,0,0,-0.549306144334055,0,0,0,0.549306144334055
"1568",0,0,0,0,0,0,0.549306144334055,-0.549306144334055,0
"1569",0,0.549306144334055,-0.549306144334055,0,0,0,0,0,0
"1570",0,-0.549306144334055,0,0,0.549306144334055,0,0,0,0
"1571",0,0,0,0,0,0,0,0,0
"1572",0,0,0,0,0,0,0,0,0
"1573",0,0,0.549306144334055,0,-0.549306144334055,0,0,0,0
"1574",0,0,0,0,0,0,0,0,0
"1575",0,0,0,0,0,0.549306144334055,0,0,-0.549306144334055
"1576",-0.549306144334055,0,0,0,0.549306144334055,0,0,0,0
"1577",0,0,-0.549306144334055,0.549306144334055,0,0,0,0,0
"1578",0,0,0,0,0,0,0,0,0
"1579",0,0,0,0,0,0,0,0,0
"1580",0,0,0,0.549306144334055,-0.549306144334055,0,0,0,0
"1581",0,0,0,0,0,0,0,0,0
"1582",0,-0.549306144334055,0,0,0,0,0,0,0.549306144334055
"1583",0,0,0,0,0,0,0.549306144334055,0,-0.549306144334055
"1584",0,-0.549306144334055,0,0,0,0.549306144334055,0,0,0
"1585",0,0,0,0,0.549306144334055,0,0,0,-0.549306144334055
"1586",0,-0.549306144334055,0,0,0,0,0,0.549306144334055,0
"1587",0,0,0,0,0,0.549306144334055,-0.549306144334055,0,0
"1588",0,0,0,0,0,0,0,0.549306144334055,-0.549306144334055
"1589",-0.549306144334055,0,0,0,0,0,0,0,0.549306144334055
"1590",0,0.549306144334055,0,0,0,0,0,-0.549306144334055,0
"1591",0,-0.549306144334055,0,0,0,0.549306144334055,0,0,0
"1592",0.549306144334055,-0.549306144334055,0,0,0,0,0,0,0
"1593",0,0,0.549306144334055,0,0,0,-0.549306144334055,0,0
"1594",0,0,0,0,0,0,0,0,0
"1595",0,0.549306144334055,0,-0.549306144334055,0,0,0,0,0
"1596",-0.549306144334055,0,0.549306144334055,0,0,0,0,0,0
"1597",0,0,0,0,0,0,0,0,0
"1598",0,0,0,0,0,0,0,0,0
"1599",0.549306144334055,0,0,0,0,0,0,-0.549306144334055,0
"1600",0,0,-0.549306144334055,0,0,0.549306144334055,0,0,0
"1601",0,0,0,0,0,0,0,0,0
"1602",0,0.549306144334055,0,0,0,0,0,0,-0.549306144334055
"1603",0,0,0,0,0,0,0,0,0
"1604",0,0,0,0,0,0,0,0,0
"1605",0,0,0,0,0,0,0,0,0
"1606",0,0,0,0,-0.549306144334055,0,0,0.549306144334055,0
"1607",0,0,0,0,0,0,-0.549306144334055,0,0.549306144334055
"1608",0,0,0,0,0,0,0,0,0
"1609",0,0,0,0,0,0,0,0,0
"1610",0,0,0,0,0,0,0,0,0
"1611",0,0,0.549306144334055,0,0,0,0,0,-0.549306144334055
"1612",0.549306144334055,0,0,0,0,0,0,0,-0.549306144334055
"1613",0,0,0,0.549306144334055,0,-0.549306144334055,0,0,0
"1614",0,0,0,0,0,0,0,0,0
"1615",0,0,0,0,0,0,0,0,0
"1616",-0.549306144334055,0,0,0,0,0.549306144334055,0,0,0
"1617",0,0,0,0,0.549306144334055,0,-0.549306144334055,0,0
"1618",0,0,0,0,0,0,0,0,0
"1619",0,0,0,0,0,0,0,0,0
"1620",0,0,0,0,0,0,0,0,0
"1621",0,0.549306144334055,0,0,-0.549306144334055,0,0,0,0
"1622",0,0,0,0,0,0,0,0,0
"1623",0,0,-0.549306144334055,0,0,0,0.549306144334055,0,0
"1624",0,0,0,0.549306144334055,0,0,0,-0.549306144334055,0
"1625",0,0,0,0,0,0,0,0,0
"1626",-0.549306144334055,0,0,0,0,0,0,0.549306144334055,0
"1627",0,0,0,0,0,0,0,0,0
"1628",0,0,0,-0.549306144334055,0,0,0,0.549306144334055,0
"1629",0,0,0,0,0,0,0,0,0
"1630",0,0,0,0,0,0,0,0,0
"1631",0,0,-0.549306144334055,0,0,0,0,0.549306144334055,0
"1632",0,0,0,0,0,-0.549306144334055,0,0.549306144334055,0
"1633",0,0,0,0.549306144334055,0,0,-0.549306144334055,0,0
"1634",0,0,0,0.549306144334055,0,0,0,0,-0.549306144334055
"1635",0.549306144334055,0,0,-0.549306144334055,0,0,0,0,0
"1636",0,0,0,0,0,0,0,0,0
"1637",0,0,0,0,0,0,0,0,0
"1638",0.549306144334055,0,0,0,0,-0.549306144334055,0,0,0
"1639",0,0,0,0,0,0,0,-0.549306144334055,0.549306144334055
"1640",0,0,-0.549306144334055,0,0,0,0,0,0.549306144334055
"1641",0,0,0,-0.549306144334055,0,0,0,0,0.549306144334055
"1642",0,0.549306144334055,0,0,0,-0.549306144334055,0,0,0
"1643",0,0,0,0,0,0,0,0,0
"1644",0,0,0,0,0,0.549306144334055,0,-0.549306144334055,0
"1645",0,0,0,0,0,0,0,0,0
"1646",0,0,0,0,0,0,0,0,0
"1647",-0.549306144334055,0.549306144334055,0,0,0,0,0,0,0
"1648",-0.549306144334055,0,0,0,0,0,0.549306144334055,0,0
"1649",0,0,0,0,-0.549306144334055,0,0.549306144334055,0,0
"1650",0,-0.549306144334055,0.549306144334055,0,0,0,0,0,0
"1651",0,0,0,0,0,-0.549306144334055,0,0,0.549306144334055
"1652",0,0,0,0,0,0,-0.549306144334055,0.549306144334055,0
"1653",0.549306144334055,0,0,0,-0.549306144334055,0,0,0,0
"1654",0,0,0.549306144334055,0,0,0,0,-0.549306144334055,0
"1655",0,0,-0.549306144334055,0,0.549306144334055,0,0,0,0
"1656",0,0,0,-0.549306144334055,0,0,0.549306144334055,0,0
"1657",0,0,0,0,0,0,0,0,0
"1658",0,0,0.549306144334055,-0.549306144334055,0,0,0,0,0
"1659",0,0,0,0,0,0,0,0,0
"1660",0,0,0,0,0,0,0,0,0
"1661",0,0,0,0,0,0,0,0,0
"1662",0.549306144334055,0,0,0,0,0,0,-0.549306144334055,0
"1663",0,0,0,0,0,0,0,0,0
"1664",0,0,0,0,0,-0.549306144334055,0.549306144334055,0,0
"1665",0,0,0,-0.549306144334055,0,0.549306144334055,0,0,0
"1666",0,0,0,0,0,0,0,0,0
"1667",0,0,0,0,0,0,0,0,0
"1668",0,0,0,0,0,0,0,0,0
"1669",0,0,0,0,0,0,0,0,0
"1670",0,0,0,0,0,0,0,0,0
"1671",0,0,0,0,0.549306144334055,0,0,-0.549306144334055,0
"1672",0,0,0,0,-0.549306144334055,0.549306144334055,0,0,0
"1673",0,0,0.549306144334055,0,0,-0.549306144334055,0,0,0
"1674",0,0,0,0,0,0,0,0,0
"1675",0,0,0,0,0.549306144334055,-0.549306144334055,0,0,0
"1676",0,0,0,0,0,0,0,0,0
"1677",0,0,0,0,0,0,0,0,0
"1678",0,-0.549306144334055,0,0.549306144334055,0,0,0,0,0
"1679",0,0,0,0,0,0,0,0,0
"1680",-0.549306144334055,0,0,0.549306144334055,0,0,0,0,0
"1681",0.549306144334055,0,0,0,0,0,-0.549306144334055,0,0
"1682",0,0.549306144334055,0,0,0,-0.549306144334055,0,0,0
"1683",0,0,0,-0.549306144334055,0.549306144334055,0,0,0,0
"1684",0,0,0,0,-0.549306144334055,0,0,0,0.549306144334055
"1685",0,0,0,0,0,0,0.549306144334055,-0.549306144334055,0
"1686",0,0.549306144334055,-0.549306144334055,0,0,0,0,0,0
"1687",0,-0.549306144334055,0,0,0.549306144334055,0,0,0,0
"1688",0,0,0,0,0,0,0,0,0
"1689",0,0,0,0,0,0,0,0,0
"1690",0,0,0.549306144334055,0,-0.549306144334055,0,0,0,0
"1691",0,0,0,0,0,0,0,0,0
"1692",0,0,0,0,0,0.549306144334055,0,0,-0.549306144334055
"1693",-0.549306144334055,0,0,0,0.549306144334055,0,0,0,0
"1694",0,0,-0.549306144334055,0.549306144334055,0,0,0,0,0
"1695",0,0,0,0,0,0,0,0,0
"1696",0,0,0,0,0,0,0,0,0
"1697",0,0,0,0.549306144334055,-0.549306144334055,0,0,0,0
"1698",0,0,0,0,0,0,0,0,0
"1699",0,-0.549306144334055,0,0,0,0,0,0,0.549306144334055
"1700",0,0,0,0,0,0,0.549306144334055,0,-0.549306144334055
"1701",0,-0.549306144334055,0,0,0,0.549306144334055,0,0,0
"1702",0,0,0,0,0.549306144334055,0,0,0,-0.549306144334055
"1703",0,-0.549306144334055,0,0,0,0,0,0.549306144334055,0
"1704",0,0,0,0,0,0.549306144334055,-0.549306144334055,0,0
"1705",0,0,0,0,0,0,0,0.549306144334055,-0.549306144334055
"1706",-0.549306144334055,0,0,0,0,0,0,0,0.549306144334055
"1707",0,0.549306144334055,0,0,0,0,0,-0.549306144334055,0
"1708",0,-0.549306144334055,0,0,0,0.549306144334055,0,0,0
"1709",0.549306144334055,-0.549306144334055,0,0,0,0,0,0,0
"1710",0,0,0.549306144334055,0,0,0,-0.549306144334055,0,0
"1711",0,0,0,0,0,0,0,0,0
"1712",0,0.549306144334055,0,-0.549306144334055,0,0,0,0,0
"1713",-0.549306144334055,0,0.549306144334055,0,0,0,0,0,0
"1714",0,0,0,0,0,0,0,0,0
"1715",0,0,0,0,0,0,0,0,0
"1716",0.549306144334055,0,0,0,0,0,0,-0.549306144334055,0
"1717",0,0,-0.549306144334055,0,0,0.549306144334055,0,0,0
"1718",0,0,0,0,0,0,0,0,0
"1719",0,0.549306144334055,0,0,0,0,0,0,-0.549306144334055
"1720",0,0,0,0,0,0,0,0,0
"1721",0,0,0,0,0,0,0,0,0
"1722",0,0,0,0,0,0,0,0,0
"1723",0,0,0,0,-0.549306144334055,0,0,0.549306144334055,0
"1724",0,0,0,0,0,0,-0.549306144334055,0,0.549306144334055
"1725",0,0,0,0,0,0,0,0,0
"1726",0,0,0,0,0,0,0,0,0
"1727",0,0,0,0,0,0,0,0,0
"1728",0,0,0.549306144334055,0,0,0,0,0,-0.549306144334055
"1729",0.549306144334055,0,0,0,0,0,0,0,-0.549306144334055
"1730",0,0,0,0.549306144334055,0,-0.549306144334055,0,0,0
"1731",0,0,0,0,0,0,0,0,0
"1732",0,0,0,0,0,0,0,0,0
"1733",-0.549306144334055,0,0,0,0,0.549306144334055,0,0,0
"1734",0,0,0,0,0.549306144334055,0,-0.549306144334055,0,0
"1735",0,0,0,0,0,0,0,0,0
"1736",0,0,0,0,0,0,0,0,0
"1737",0,0,0,0,0,0,0,0,0
"1738",0,0.549306144334055,0,0,-0.549306144334055,0,0,0,0
"1739",0,0,0,0,0,0,0,0,0
"1740",0,0,-0.549306144334055,0,0,0,0.549306144334055,0,0
"1741",0,0,0,0.549306144334055,0,0,0,-0.549306144334055,0
"1742",0,0,0,0,0,0,0,0,0
"1743",-0.549306144334055,0,0,0,0,0,0,0.549306144334055,0
"1744",0,0,0,0,0,0,0,0,0
"1745",0,0,0,-0.549306144334055,0,0,0,0.549306144334055,0
"1746",0,0,0,0,0,0,0,0,0
"1747",0,0,0,0,0,0,0,0,0
"1748",0,0,-0.549306144334055,0,0,0,0,0.549306144334055,0
"1749",0,0,0,0,0,-0.549306144334055,0,0.549306144334055,0
"1750",0,0,0,0.549306144334055,0,0,-0.549306144334055,0,0
"1751",0,0,0,0.549306144334055,0,0,0,0,-0.549306144334055
"1752",0.549306144334055,0,0,-0.549306144334055,0,0,0,0,0
"1753",0,0,0,0,0,0,0,0,0
"1754",0,0,0,0,0,0,0,0,0
"2457",0.549306144334055,0,0,0,0,-0.549306144334055,0,0,0
"2458",0,0,0,0,0,0,0,-0.549306144334055,0.549306144334055
"2459",0,0,-0.549306144334055,0,0,0,0,0,0.549306144334055
"2460",0,0,0,-0.549306144334055,0,0,0,0,0.549306144334055
"2461",0,0.549306144334055,0,0,0,-0.549306144334055,0,0,0
"2462",0,0,0,0,0,0,0,0,0
"2463",0,0,0,0,0,0.549306144334055,0,-0.549306144334055,0
"2464",0,0,0,0,0,0,0,0,0
"2465",0,0,0,0,0,0,0,0,0
"2466",-0.549306144334055,0.549306144334055,0,0,0,0,0,0,0
"2467",-0.549306144334055,0,0,0,0,0,0.549306144334055,0,0
"2468",0,0,0,0,-0.549306144334055,0,0.549306144334055,0,0
"2469",0,-0.549306144334055,0.549306144334055,0,0,0,0,0,0
"2470",0,0,0,0,0,-0.549306144334055,0,0,0.549306144334055
"2471",0,0,0,0,0,0,-0.549306144334055,0.549306144334055,0
"2472",0.549306144334055,0,0,0,-0.549306144334055,0,0,0,0
"2473",0,0,0.549306144334055,0,0,0,0,-0.549306144334055,0
"2474",0,0,-0.549306144334055,0,0.549306144334055,0,0,0,0
"2475",0,0,0,-0.549306144334055,0,0,0.549306144334055,0,0
"2476",0,0,0,0,0,0,0,0,0
"2477",0,0,0.549306144334055,-0.549306144334055,0,0,0,0,0
"2478",0,0,0,0,0,0,0,0,0
"2479",0,0,0,0,0,0,0,0,0
"2480",0,0,0,0,0,0,0,0,0
"2481",0.549306144334055,0,0,0,0,0,0,-0.549306144334055,0
"2482",0,0,0,0,0,0,0,0,0
"2483",0,0,0,0,0,-0.549306144334055,0.549306144334055,0,0
"2484",0,0,0,-0.549306144334055,0,0.549306144334055,0,0,0
"2485",0,0,0,0,0,0,0,0,0
"2486",0,0,0,0,0,0,0,0,0
"2487",0,0,0,0,0,0,0,0,0
"2488",0,0,0,0,0,0,0,0,0
"2489",0,0,0,0,0,0,0,0,0
"2490",0,0,0,0,0.549306144334055,0,0,-0.549306144334055,0
"2491",0,0,0,0,-0.549306144334055,0.549306144334055,0,0,0
"2492",0,0,0.549306144334055,0,0,-0.549306144334055,0,0,0
"2493",0,0,0,0,0,0,0,0,0
"2494",0,0,0,0,0.549306144334055,-0.549306144334055,0,0,0
"2495",0,0,0,0,0,0,0,0,0
"2496",0,0,0,0,0,0,0,0,0
"2497",0,-0.549306144334055,0,0.549306144334055,0,0,0,0,0
"2498",0,0,0,0,0,0,0,0,0
"2499",-0.549306144334055,0,0,0.549306144334055,0,0,0,0,0
"2500",0.549306144334055,0,0,0,0,0,-0.549306144334055,0,0
"2501",0,0.549306144334055,0,0,0,-0.549306144334055,0,0,0
"2502",0,0,0,-0.549306144334055,0.549306144334055,0,0,0,0
"2503",0,0,0,0,-0.549306144334055,0,0,0,0.549306144334055
"2504",0,0,0,0,0,0,0.549306144334055,-0.549306144334055,0
"2505",0,0.549306144334055,-0.549306144334055,0,0,0,0,0,0
"2506",0,-0.549306144334055,0,0,0.549306144334055,0,0,0,0
"2507",0,0,0,0,0,0,0,0,0
"2508",0,0,0,0,0,0,0,0,0
"2509",0,0,0.549306144334055,0,-0.549306144334055,0,0,0,0
"2510",0,0,0,0,0,0,0,0,0
"2511",0,0,0,0,0,0.549306144334055,0,0,-0.549306144334055
"2512",-0.549306144334055,0,0,0,0.549306144334055,0,0,0,0
"2513",0,0,-0.549306144334055,0.549306144334055,0,0,0,0,0
"2514",0,0,0,0,0,0,0,0,0
"2515",0,0,0,0,0,0,0,0,0
"2516",0,0,0,0.549306144334055,-0.549306144334055,0,0,0,0
"2517",0,0,0,0,0,0,0,0,0
"2518",0,-0.549306144334055,0,0,0,0,0,0,0.549306144334055
"2519",0,0,0,0,0,0,0.549306144334055,0,-0.549306144334055
"2520",0,-0.549306144334055,0,0,0,0.549306144334055,0,0,0
"2521",0,0,0,0,0.549306144334055,0,0,0,-0.549306144334055
"2522",0,-0.549306144334055,0,0,0,0,0,0.549306144334055,0
"2523",0,0,0,0,0,0.549306144334055,-0.549306144334055,0,0
"2524",0,0,0,0,0,0,0,0.549306144334055,-0.549306144334055
"2525",-0.549306144334055,0,0,0,0,0,0,0,0.549306144334055
"2526",0,0.549306144334055,0,0,0,0,0,-0.549306144334055,0
"2527",0,-0.549306144334055,0,0,0,0.549306144334055,0,0,0
"2528",0.549306144334055,-0.549306144334055,0,0,0,0,0,0,0
"2529",0,0,0.549306144334055,0,0,0,-0.549306144334055,0,0
"2530",0,0,0,0,0,0,0,0,0
"2531",0,0.549306144334055,0,-0.549306144334055,0,0,0,0,0
"2532",-0.549306144334055,0,0.549306144334055,0,0,0,0,0,0
"2533",0,0,0,0,0,0,0,0,0
"2534",0,0,0,0,0,0,0,0,0
"2535",0.549306144334055,0,0,0,0,0,0,-0.549306144334055,0
"2536",0,0,-0.549306144334055,0,0,0.549306144334055,0,0,0
"2537",0,0,0,0,0,0,0,0,0
"2538",0,0.549306144334055,0,0,0,0,0,0,-0.549306144334055
"2539",0,0,0,0,0,0,0,0,0
"2540",0,0,0,0,0,0,0,0,0
"2541",0,0,0,0,0,0,0,0,0
"2542",0,0,0,0,-0.549306144334055,0,0,0.549306144334055,0
"2543",0,0,0,0,0,0,-0.549306144334055,0,0.549306144334055
"2544",0,0,0,0,0,0,0,0,0
"2545",0,0,0,0,0,0,0,0,0
"2546",0,0,0,0,0,0,0,0,0
"2547",0,0,0.549306144334055,0,0,0,0,0,-0.549306144334055
"2548",0.549306144334055,0,0,0,0,0,0,0,-0.549306144334055
"2549",0,0,0,0,0,0,0,0,0
"2550",0,0,0,0,0,0,0,0,0
"2551",-0.549306144334055,0,0,0,0,0.549306144334055,0,0,0
"2552",0,0,0,0,0.549306144334055,0,-0.549306144334055,0,0
"2553",0,0,0,0,0,0,0,0,0
"2554",0,0,0,0,0,0,0,0,0
"2555",0,0,0,0,0,0,0,0,0
"2556",0,0.549306144334055,0,0,-0.549306144334055,0,0,0,0
"2557",0,0,0,0,0,0,0,0,0
"2558",0,0,-0.549306144334055,0,0,0,0.549306144334055,0,0
"2559",0,0,0,0.549306144334055,0,0,0,-0.549306144334055,0
"2560",-0.549306144334055,0,0,0,0,0,0,0.549306144334055,0
"2561",0,0,0,0,0,0,0,0,0
"2562",0,0,0,-0.549306144334055,0,0,0,0.549306144334055,0
"2563",0,0,0,0,0,0,0,0,0
"2564",0,0,0,0,0,0,0,0,0
"2565",0,0,-0.549306144334055,0,0,0,0,0.549306144334055,0
"2566",0,0,0,0,0,-0.549306144334055,0,0.549306144334055,0
"2567",0,0,0,0.549306144334055,0,0,-0.549306144334055,0,0
"2568",0,0,0,0.549306144334055,0,0,0,0,-0.549306144334055
"2569",0.549306144334055,0,0,-0.549306144334055,0,0,0,0,0
"2570",0,0,0,0,0,0,0,0,0
"2571",0,0,0,0,0,0,0,0,0
"2572",0.549306144334055,0,0,0,0,-0.549306144334055,0,0,0
"2573",0,0,0,0,0,0,0,-0.549306144334055,0.549306144334055
"2574",0,0,-0.549306144334055,0,0,0,0,0,0.549306144334055
"2575",0,0,0,-0.549306144334055,0,0,0,0,0.549306144334055
"2576",0,0.549306144334055,0,0,0,-0.549306144334055,0,0,0
"2577",0,0,0,0,0,0,0,0,0
"2578",0,0,0,0,0,0.549306144334055,0,-0.549306144334055,0
"2579",0,0,0,0,0,0,0,0,0
"2580",0,0,0,0,0,0,0,0,0
"2581",-0.549306144334055,0.549306144334055,0,0,0,0,0,0,0
"2582",-0.549306144334055,0,0,0,0,0,0.549306144334055,0,0
"2583",0,0,0,0,-0.549306144334055,0,0.549306144334055,0,0
"2584",0,-0.549306144334055,0.549306144334055,0,0,0,0,0,0
"2585",0,0,0,0,0,-0.549306144334055,0,0,0.549306144334055
"2586",0,0,0,0,0,0,-0.549306144334055,0.549306144334055,0
"2587",0.549306144334055,0,0,0,-0.549306144334055,0,0,0,0
"2588",0,0,0.549306144334055,0,0,0,0,-0.549306144334055,0
"2589",0,0,-0.549306144334055,0,0.549306144334055,0,0,0,0
"2590",0,0,0,-0.549306144334055,0,0,0.549306144334055,0,0
"2591",0,0,0,0,0,0,0,0,0
"2592",0,0,0.549306144334055,-0.549306144334055,0,0,0,0,0
"2593",0,0,0,0,0,0,0,0,0
"2594",0,0,0,0,0,0,0,0,0
"2595",0,0,0,0,0,0,0,0,0
"2596",0.549306144334055,0,0,0,0,0,0,-0.549306144334055,0
"2597",0,0,0,0,0,0,0,0,0
"2598",0,0,0,0,0,-0.549306144334055,0.549306144334055,0,0
"2599",0,0,0,-0.549306144334055,0,0.549306144334055,0,0,0
"2600",0,0,0,0,0,0,0,0,0
"2601",0,0,0,0,0,0,0,0,0
"2602",0,0,0,0,0,0,0,0,0
"2603",0,0,0,0,0,0,0,0,0
"2604",0,0,0,0,0,0,0,0,0
"2605",0,0,0,0,0.549306144334055,0,0,-0.549306144334055,0
"2606",0,0,0,0,-0.549306144334055,0.549306144334055,0,0,0
"2607",0,0,0.549306144334055,0,0,-0.549306144334055,0,0,0
"2608",0,0,0,0,0,0,0,0,0
"2609",0,0,0,0,0.549306144334055,-0.549306144334055,0,0,0
"2610",0,0,0,0,0,0,0,0,0
"2611",0,0,0,0,0,0,0,0,0
"2612",0,-0.549306144334055,0,0.549306144334055,0,0,0,0,0
"2613",0,0,0,0,0,0,0,0,0
"2614",-0.549306144334055,0,0,0.549306144334055,0,0,0,0,0
"2615",0.549306144334055,0,0,0,0,0,-0.549306144334055,0,0
"2616",0,0.549306144334055,0,0,0,-0.549306144334055,0,0,0
"2617",0,0,0,-0.549306144334055,0.549306144334055,0,0,0,0
"2618",0,0,0,0,-0.549306144334055,0,0,0,0.549306144334055
"2619",0,0,0,0,0,0,0.549306144334055,-0.549306144334055,0
"2620",0,0.549306144334055,-0.549306144334055,0,0,0,0,0,0
"2621",0,-0.549306144334055,0,0,0.549306144334055,0,0,0,0
"2622",0,0,0,0,0,0,0,0,0
"2623",0,0,0,0,0,0,0,0,0
"2624",0,0,0.549306144334055,0,-0.549306144334055,0,0,0,0
"2625",0,0,0,0,0,0,0,0,0
"2626",0,0,0,0,0,0.549306144334055,0,0,-0.549306144334055
"2627",-0.549306144334055,0,0,0,0.549306144334055,0,0,0,0
"2628",0,0,-0.549306144334055,0.549306144334055,0,0,0,0,0
"2629",0,0,0,0,0,0,0,0,0
"2630",0,0,0,0,0,0,0,0,0
"2631",0,0,0,0.549306144334055,-0.549306144334055,0,0,0,0
"2632",0,0,0,0,0,0,0,0,0
"2633",0,-0.549306144334055,0,0,0,0,0,0,0.549306144334055
"2634",0,0,0,0,0,0,0.549306144334055,0,-0.549306144334055
"2635",0,-0.549306144334055,0,0,0,0.549306144334055,0,0,0
"2636",0,0,0,0,0.549306144334055,0,0,0,-0.549306144334055
"2637",0,-0.549306144334055,0,0,0,0,0,0.549306144334055,0
"2638",0,0,0,0,0,0.549306144334055,-0.549306144334055,0,0
"2639",0,0,0,0,0,0,0,0.549306144334055,-0.549306144334055
"2640",-0.549306144334055,0,0,0,0,0,0,0,0.549306144334055
"2641",0,0.549306144334055,0,0,0,0,0,-0.549306144334055,0
"2642",0,-0.549306144334055,0,0,0,0.549306144334055,0,0,0
"2643",0.549306144334055,-0.549306144334055,0,0,0,0,0,0,0
"2644",0,0,0.549306144334055,0,0,0,-0.549306144334055,0,0
"2645",0,0,0,0,0,0,0,0,0
"2646",0,0.549306144334055,0,-0.549306144334055,0,0,0,0,0
"2647",-0.549306144334055,0,0.549306144334055,0,0,0,0,0,0
"2648",0,0,0,0,0,0,0,0,0
"2649",0,0,0,0,0,0,0,0,0
"2650",0.549306144334055,0,0,0,0,0,0,-0.549306144334055,0
"2651",0,0,-0.549306144334055,0,0,0.549306144334055,0,0,0
"2652",0,0,0,0,0,0,0,0,0
"2653",0,0.549306144334055,0,0,0,0,0,0,-0.549306144334055
"2654",0,0,0,0,0,0,0,0,0
"2655",0,0,0,0,0,0,0,0,0
"2656",0,0,0,0,0,0,0,0,0
"2657",0,0,0,0,-0.549306144334055,0,0,0.549306144334055,0
"2658",0,0,0,0,0,0,-0.549306144334055,0,0.549306144334055
"2659",0,0,0,0,0,0,0,0,0
"2660",0,0,0,0,0,0,0,0,0
"2661",0,0,0,0,0,0,0,0,0
"2662",0,0,0.549306144334055,0,0,0,0,0,-0.549306144334055
"2663",0.549306144334055,0,0,0,0,0,0,0,-0.549306144334055
"2664",0,0,0,0.549306144334055,0,-0.549306144334055,0,0,0
"2665",0,0,0,0,0,0,0,0,0
"2666",0,0,0,0,0,0,0,0,0
"2667",-0.549306144334055,0,0,0,0,0.549306144334055,0,0,0
"2668",0,0,0,0,0.549306144334055,0,-0.549306144334055,0,0
"2669",0,0,0,0,0,0,0,0,0
"2670",0,0,0,0,0,0,0,0,0
"2671",0,0,0,0,0,0,0,0,0
"2672",0,0.549306144334055,0,0,-0.549306144334055,0,0,0,0
"2673",0,0,0,0,0,0,0,0,0
"2674",0,0,-0.549306144334055,0,0,0,0.549306144334055,0,0
"2675",0,0,0,0.549306144334055,0,0,0,-0.549306144334055,0
"2676",0,0,0,0,0,0,0,0,0
"2677",-0.549306144334055,0,0,0,0,0,0,0.549306144334055,0
"2678",0,0,0,0,0,0,0,0,0
"2679",0,0,0,-0.549306144334055,0,0,0,0.549306144334055,0
"2680",0,0,0,0,0,0,0,0,0
"2681",0,0,0,0,0,0,0,0,0
"2682",0,0,-0.549306144334055,0,0,0,0,0.549306144334055,0
"2683",0,0,0,0,0,-0.549306144334055,0,0.549306144334055,0
"2684",0,0,0,0.549306144334055,0,0,-0.549306144334055,0,0
"2685",0,0,0,0.549306144334055,0,0,0,0,-0.549306144334055
"2686",0.549306144334055,0,0,-0.549306144334055,0,0,0,0,0
"2687",0,0,0,0,0,0,0,0,0
"2688",0,0,0,0,0,0,0,0,0
"2689",0.549306144334055,0,0,0,0,-0.549306144334055,0,0,0
"2690",0,0,0,0,0,0,0,-0.549306144334055,0.549306144334055
"2691",0,0,-0.549306144334055,0,0,0,0,0,0.549306144334055
"2692",0,0,0,-0.549306144334055,0,0,0,0,0.549306144334055
"2693",0,0.549306144334055,0,0,0,-0.549306144334055,0,0,0
"2694",0,0,0,0,0,0,0,0,0
"2695",0,0,0,0,0,0.549306144334055,0,-0.549306144334055,0
"2696",0,0,0,0,0,0,0,0,0
"2697",0,0,0,0,0,0,0,0,0
"2698",-0.549306144334055,0.549306144334055,0,0,0,0,0,0,0
"2699",-0.549306144334055,0,0,0,0,0,0.549306144334055,0,0
"2700",0,0,0,0,-0.549306144334055,0,0.549306144334055,0,0
"2701",0,-0.549306144334055,0.549306144334055,0,0,0,0,0,0
"2702",0,0,0,0,0,-0.549306144334055,0,0,0.549306144334055
"2703",0,0,0,0,0,0,-0.549306144334055,0.549306144334055,0
"2704",0.549306144334055,0,0,0,-0.549306144334055,0,0,0,0
"2705",0,0,0.549306144334055,0,0,0,0,-0.549306144334055,0
"2706",0,0,-0.549306144334055,0,0.549306144334055,0,0,0,0
"2707",0,0,0,-0.549306144334055,0,0,0.549306144334055,0,0
"2708",0,0,0,0,0,0,0,0,0
"2709",0,0,0.549306144334055,-0.549306144334055,0,0,0,0,0
"2710",0,0,0,0,0,0,0,0,0
"2711",0,0,0,0,0,0,0,0,0
"2712",0,0,0,0,0,0,0,0,0
"2713",0.549306144334055,0,0,0,0,0,0,-0.549306144334055,0
"2714",0,0,0,0,0,0,0,0,0
"2715",0,0,0,0,0,-0.549306144334055,0.549306144334055,0,0
"2716",0,0,0,-0.549306144334055,0,0.549306144334055,0,0,0
"2717",0,0,0,0,0,0,0,0,0
"2718",0,0,0,0,0,0,0,0,0
"2719",0,0,0,0,0,0,0,0,0
"2720",0,0,0,0,0,0,0,0,0
"2721",0,0,0,0,0,0,0,0,0
"2722",0,0,0,0,0.549306144334055,0,0,-0.549306144334055,0
"2723",0,0,0,0,-0.549306144334055,0.549306144334055,0,0,0
"2724",0,0,0.549306144334055,0,0,-0.549306144334055,0,0,0
"2725",0,0,0,0,0,0,0,0,0
"2726",0,0,0,0,0.549306144334055,-0.549306144334055,0,0,0
"2727",0,0,0,0,0,0,0,0,0
"2728",0,0,0,0,0,0,0,0,0
"2729",0,-0.549306144334055,0,0.549306144334055,0,0,0,0,0
"2730",0,0,0,0,0,0,0,0,0
"2731",-0.549306144334055,0,0,0.549306144334055,0,0,0,0,0
"2732",0.549306144334055,0,0,0,0,0,-0.549306144334055,0,0
"2733",0,0.549306144334055,0,0,0,-0.549306144334055,0,0,0
"2734",0,0,0,-0.549306144334055,0.549306144334055,0,0,0,0
"2735",0,0,0,0,-0.549306144334055,0,0,0,0.549306144334055
"2736",0,0,0,0,0,0,0.549306144334055,-0.549306144334055,0
"2737",0,0.549306144334055,-0.549306144334055,0,0,0,0,0,0
"2738",0,-0.549306144334055,0,0,0.549306144334055,0,0,0,0
"2739",0,0,0,0,0,0,0,0,0
"2740",0,0,0,0,0,0,0,0,0
"2741",0,0,0.549306144334055,0,-0.549306144334055,0,0,0,0
"2742",0,0,0,0,0,0,0,0,0
"2743",0,0,0,0,0,0.549306144334055,0,0,-0.549306144334055
"2744",-0.549306144334055,0,0,0,0.549306144334055,0,0,0,0
"2745",0,0,-0.549306144334055,0.549306144334055,0,0,0,0,0
"2746",0,0,0,0,0,0,0,0,0
"2747",0,0,0,0,0,0,0,0,0
"2748",0,0,0,0.549306144334055,-0.549306144334055,0,0,0,0
"2749",0,0,0,0,0,0,0,0,0
"2750",0,-0.549306144334055,0,0,0,0,0,0,0.549306144334055
"2751",0,0,0,0,0,0,0.549306144334055,0,-0.549306144334055
"2752",0,-0.549306144334055,0,0,0,0.549306144334055,0,0,0
"2753",0,0,0,0,0.549306144334055,0,0,0,-0.549306144334055
"2754",0,-0.549306144334055,0,0,0,0,0,0.549306144334055,0
"2755",0,0,0,0,0,0.549306144334055,-0.549306144334055,0,0
"2756",0,0,0,0,0,0,0,0.549306144334055,-0.549306144334055
"2757",-0.549306144334055,0,0,0,0,0,0,0,0.549306144334055
"2758",0,0.549306144334055,0,0,0,0,0,-0.549306144334055,0
"2759",0,-0.549306144334055,0,0,0,0.549306144334055,0,0,0
"2760",0.549306144334055,-0.549306144334055,0,0,0,0,0,0,0
"2761",0,0,0.549306144334055,0,0,0,-0.549306144334055,0,0
"2762",0,0,0,0,0,0,0,0,0
"2763",0,0.549306144334055,0,-0.549306144334055,0,0,0,0,0
"2764",-0.549306144334055,0,0.549306144334055,0,0,0,0,0,0
"2765",0,0,0,0,0,0,0,0,0
"2766",0,0,0,0,0,0,0,0,0
"2767",0.549306144334055,0,0,0,0,0,0,-0.549306144334055,0
"2768",0,0,-0.549306144334055,0,0,0.549306144334055,0,0,0
"2769",0,0,0,0,0,0,0,0,0
"2770",0,0.549306144334055,0,0,0,0,0,0,-0.549306144334055
"2771",0,0,0,0,0,0,0,0,0
"2772",0,0,0,0,0,0,0,0,0
"2773",0,0,0,0,0,0,0,0,0
"2774",0,0,0,0,-0.549306144334055,0,0,0.549306144334055,0
"2775",0,0,0,0,0,0,-0.549306144334055,0,0.549306144334055
"2776",0,0,0,0,0,0,0,0,0
"2777",0,0,0,0,0,0,0,0,0
"2778",0,0,0,0,0,0,0,0,0
"2779",0,0,0.549306144334055,0,0,0,0,0,-0.549306144334055
"2780",0.549306144334055,0,0,0,0,0,0,0,-0.549306144334055
"2781",0,0,0,0.549306144334055,0,-0.549306144334055,0,0,0
"2782",0,0,0,0,0,0,0,0,0
"2783",0,0,0,0,0,0,0,0,0
"2784",-0.549306144334055,0,0,0,0,0.549306144334055,0,0,0
"2785",0,0,0,0,0.549306144334055,0,-0.549306144334055,0,0
"2786",0,0,0,0,0,0,0,0,0
"2787",0,0,0,0,0,0,0,0,0
"2788",0,0,0,0,0,0,0,0,0
"2789",0,0.549306144334055,0,0,-0.549306144334055,0,0,0,0
"2790",0,0,0,0,0,0,0,0,0
"2791",0,0,-0.549306144334055,0,0,0,0.549306144334055,0,0
"2792",0,0,0,0.549306144334055,0,0,0,-0.549306144334055,0
"2793",0,0,0,0,0,0,0,0,0
"2794",-0.549306144334055,0,0,0,0,0,0,0.549306144334055,0
"2795",0,0,0,0,0,0,0,0,0
"2796",0,0,0,-0.549306144334055,0,0,0,0.549306144334055,0
"2797",0,0,0,0,0,0,0,0,0
"2798",0,0,0,0,0,0,0,0,0
"2799",0,0,-0.549306144334055,0,0,0,0,0.549306144334055,0
"2800",0,0,0,0,0,-0.549306144334055,0,0.549306144334055,0
"2801",0,0,0,0.549306144334055,0,0,-0.549306144334055,0,0
"2802",0,0,0,0.549306144334055,0,0,0,0,-0.549306144334055
"2803",0.549306144334055,0,0,-0.549306144334055,0,0,0,0,0
"2804",0,0,0,0,0,0,0,0,0
"2805",0,0,0,0,0,0,0,0,0
